"_univ-rank","d-none src","logo-wrapper src","uni-link","uni-link href","location","qs-stars-font","btn","overall-score-span","_addShortText"
"1","https://www.topuniversities.com/themes/custom/tu_d8/images/svg/dagger_symbol.svg","https://www.topuniversities.com/sites/default/files/massachusetts-institute-of-technology-mit_410_small.jpg","Massachusetts Institute of Technology (MIT)","https://www.topuniversities.com/universities/massachusetts-institute-technology-mit","Cambridge,  United States","QS Stars","More Details","100","Shortlist"
"2","https://www.topuniversities.com/themes/custom/tu_d8/images/svg/dagger_symbol.svg","https://www.topuniversities.com/sites/default/files/240430033452pm869301QS-Imperial-Logo-white-text-blue-background-48x48.jpg","Imperial College London","https://www.topuniversities.com/universities/imperial-college-london","London,  United Kingdom","QS Stars","More Details","98.5","Shortlist"
"3","https://www.topuniversities.com/themes/custom/tu_d8/images/svg/dagger_symbol.svg","https://www.topuniversities.com/sites/default/files/university-of-oxford_478_small.jpg","University of Oxford","https://www.topuniversities.com/universities/university-oxford","Oxford,  United Kingdom","QS Stars","More Details","96.9","Shortlist"
"4","https://www.topuniversities.com/themes/custom/tu_d8/images/svg/dagger_symbol.svg","https://www.topuniversities.com/sites/default/files/harvard-university_253_small.jpg","Harvard University","https://www.topuniversities.com/universities/harvard-university","Cambridge,  United States","QS Stars","More Details","96.8","Shortlist"
"5","https://www.topuniversities.com/themes/custom/tu_d8/images/svg/dagger_symbol.svg","https://www.topuniversities.com/sites/default/files/university-of-cambridge_95_small.jpg","University of Cambridge","https://www.topuniversities.com/universities/university-cambridge","Cambridge,  United Kingdom","QS Stars","More Details","96.7","Shortlist"
"6","https://www.topuniversities.com/themes/custom/tu_d8/images/svg/dagger_symbol.svg","https://www.topuniversities.com/sites/default/files/stanford-university_573_small.jpg","Stanford University","https://www.topuniversities.com/universities/stanford-university","Stanford,  United States","QS Stars","More Details","96.1","Shortlist"
"7","https://www.topuniversities.com/themes/custom/tu_d8/images/svg/dagger_symbol.svg","https://www.topuniversities.com/sites/default/files/eth-zurich-swiss-federal-institute-of-technology_201_small.jpg","ETH Zurich","https://www.topuniversities.com/universities/eth-zurich","Zürich,  Switzerland","QS Stars","More Details","93.9","Shortlist"
"8","https://www.topuniversities.com/themes/custom/tu_d8/images/svg/dagger_symbol.svg","https://www.topuniversities.com/sites/default/files/national-university-of-singapore-nus_443_small.jpg","National University of Singapore (NUS)","https://www.topuniversities.com/universities/national-university-singapore-nus","Singapore,  Singapore","QS Stars","More Details","93.7","Shortlist"
"9","https://www.topuniversities.com/themes/custom/tu_d8/images/svg/dagger_symbol.svg","https://www.topuniversities.com/sites/default/files/240209111134am850728QS-UCL-icon-48x48.jpg","UCL","https://www.topuniversities.com/universities/ucl","London,  United Kingdom","QS Stars","More Details","91.6","Shortlist"
"10","https://www.topuniversities.com/themes/custom/tu_d8/images/svg/dagger_symbol.svg","https://www.topuniversities.com/sites/default/files/california-institute-of-technology-caltech_94_small.jpg","California Institute of Technology (Caltech)","https://www.topuniversities.com/universities/california-institute-technology-caltech","Pasadena,  United States","QS Stars","More Details","90.9","Shortlist"
"11","https://www.topuniversities.com/themes/custom/tu_d8/images/svg/dagger_symbol.svg","https://www.topuniversities.com/sites/default/files/university-of-pennsylvania_495_small.jpg","University of Pennsylvania","https://www.topuniversities.com/universities/university-pennsylvania","Philadelphia,  United States","QS Stars","More Details","90.3","Shortlist"
"12","https://www.topuniversities.com/themes/custom/tu_d8/images/svg/dagger_symbol.svg","https://www.topuniversities.com/sites/default/files/university-of-california-berkeley-ucb_84_small.jpg","University of California, Berkeley (UCB)","https://www.topuniversities.com/universities/university-california-berkeley-ucb","Berkeley,  United States","QS Stars","More Details","90.1","Shortlist"
"13","https://www.topuniversities.com/themes/custom/tu_d8/images/svg/dagger_symbol.svg","https://www.topuniversities.com/sites/default/files/211118103607am165180PRIMARY-A-A4-Vertical-Housed-RGB-200px-48x48.jpg","The University of Melbourne","https://www.topuniversities.com/universities/university-melbourne","Parkville,  Australia","QS Stars","More Details","88.9","Shortlist"
"14","https://www.topuniversities.com/themes/custom/tu_d8/images/svg/dagger_symbol.svg","https://www.topuniversities.com/sites/default/files/peking-university_50_small.jpg","Peking University","https://www.topuniversities.com/universities/peking-university","Beijing,  China (Mainland)","QS Stars","More Details","88.5","Shortlist"
"15","https://www.topuniversities.com/themes/custom/tu_d8/images/svg/dagger_symbol.svg","https://www.topuniversities.com/sites/default/files/nanyang-technological-university-singapore-ntu_592560cf2aeae70239af4c32_small.jpg","Nanyang Technological University, Singapore (NTU Singapore)","https://www.topuniversities.com/universities/nanyang-technological-university-singapore-ntu-singapore","Singapore,  Singapore","QS Stars","More Details","88.4","Shortlist"
"16","https://www.topuniversities.com/themes/custom/tu_d8/images/svg/dagger_symbol.svg","https://www.topuniversities.com/sites/default/files/cornell-university_143_small.jpg","Cornell University","https://www.topuniversities.com/universities/cornell-university","Ithaca,  United States","QS Stars","More Details","87.9","Shortlist"
"17","https://www.topuniversities.com/themes/custom/tu_d8/images/svg/dagger_symbol.svg","https://www.topuniversities.com/sites/default/files/the-university-of-hong-kong_268_small.jpg","The University of Hong Kong","https://www.topuniversities.com/universities/university-hong-kong","Hong Kong,  Hong Kong SAR","QS Stars","More Details","87.6","Shortlist"
"18","https://www.topuniversities.com/themes/custom/tu_d8/images/svg/dagger_symbol.svg","https://www.topuniversities.com/sites/default/files/the-university-of-sydney_592560cf2aeae70239af4cd0_small.jpg","The University of Sydney","https://www.topuniversities.com/universities/university-sydney","Sydney,  Australia","QS Stars","More Details","87.3","Shortlist"
"19","https://www.topuniversities.com/themes/custom/tu_d8/images/svg/dagger_symbol.svg","https://www.topuniversities.com/sites/default/files/221220094647am317557UNSW-Sydney-Logo-jpeg-48x48.jpg","The University of New South Wales (UNSW Sydney)","https://www.topuniversities.com/universities/university-new-south-wales-unsw-sydney","Sydney,  Australia","QS Stars","More Details","87.1","Shortlist"
"20","https://www.topuniversities.com/themes/custom/tu_d8/images/svg/dagger_symbol.svg","https://www.topuniversities.com/sites/default/files/tsinghua-university_626_small.jpg","Tsinghua University","https://www.topuniversities.com/universities/tsinghua-university","Beijing,  China (Mainland)","QS Stars","More Details","86.5","Shortlist"
"21","https://www.topuniversities.com/themes/custom/tu_d8/images/svg/dagger_symbol.svg","https://www.topuniversities.com/sites/default/files/university-of-chicago_120_small.jpg","University of Chicago","https://www.topuniversities.com/universities/university-chicago","Chicago,  United States","QS Stars","More Details","86.2","Shortlist"
"22","https://www.topuniversities.com/themes/custom/tu_d8/images/svg/dagger_symbol.svg","https://www.topuniversities.com/sites/default/files/princeton-university_508_small.jpg","Princeton University","https://www.topuniversities.com/universities/princeton-university","Princeton,  United States","QS Stars","More Details","85.5","Shortlist"
"23","https://www.topuniversities.com/themes/custom/tu_d8/images/svg/dagger_symbol.svg","https://www.topuniversities.com/sites/default/files/yale-university_684_small.jpg","Yale University","https://www.topuniversities.com/universities/yale-university","New Haven,  United States","QS Stars","More Details","85.2","Shortlist"
"24","https://www.topuniversities.com/themes/custom/tu_d8/images/svg/dagger_symbol.svg","https://www.topuniversities.com/sites/default/files/universit-psl_592560e69988f300e2321dfe_small.jpg","Université PSL","https://www.topuniversities.com/universities/universite-psl","Paris,  France","QS Stars","More Details","84.7","Shortlist"
"25","https://www.topuniversities.com/themes/custom/tu_d8/images/svg/dagger_symbol.svg","https://www.topuniversities.com/sites/default/files/university-of-toronto_619_small.jpg","University of Toronto","https://www.topuniversities.com/universities/university-toronto","Toronto,  Canada","QS Stars","More Details","84.1","Shortlist"
"26","https://www.topuniversities.com/themes/custom/tu_d8/images/svg/dagger_symbol.svg","https://www.topuniversities.com/sites/default/files/epfl-ecole-polytechnique-federale-de-lausanne_592560cf2aeae70239af4b34_small.jpg","EPFL – École polytechnique fédérale de Lausanne","https://www.topuniversities.com/universities/epfl-ecole-polytechnique-federale-de-lausanne","Lausanne,  Switzerland","QS Stars","More Details","83.5","Shortlist"
"27","https://www.topuniversities.com/themes/custom/tu_d8/images/svg/dagger_symbol.svg","https://www.topuniversities.com/sites/default/files/the-university-of-edinburgh_180_small.jpg","The University of Edinburgh","https://www.topuniversities.com/universities/university-edinburgh","Edinburgh,  United Kingdom","QS Stars","More Details","83.3","Shortlist"
"28","https://www.topuniversities.com/themes/custom/tu_d8/images/svg/dagger_symbol.svg","https://www.topuniversities.com/sites/default/files/technical-university-of-munich_599_small.jpg","Technical University of Munich","https://www.topuniversities.com/universities/technical-university-munich","Munich,  Germany","QS Stars","More Details","83.2","Shortlist"
"29","https://www.topuniversities.com/themes/custom/tu_d8/images/svg/dagger_symbol.svg","https://www.topuniversities.com/sites/default/files/mcgill-university_592560cf2aeae70239af4c10_small.jpg","McGill University","https://www.topuniversities.com/universities/mcgill-university","Montreal,  Canada","QS Stars","More Details","83","Shortlist"
"30","https://www.topuniversities.com/themes/custom/tu_d8/images/svg/dagger_symbol.svg","https://www.topuniversities.com/sites/default/files/ANU-crest-48x48.jpg","Australian National University (ANU)","https://www.topuniversities.com/universities/australian-national-university-anu","Canberra,  Australia","QS Stars","More Details","82.4","Shortlist"
"31","https://www.topuniversities.com/themes/custom/tu_d8/images/svg/dagger_symbol.svg","https://www.topuniversities.com/sites/default/files/graduate-school-of-business-seoul-national-university_553_small.jpg","Seoul National University","https://www.topuniversities.com/universities/seoul-national-university","Seoul,  South Korea","QS Stars","More Details","82.3","Shortlist"
"=32","https://www.topuniversities.com/themes/custom/tu_d8/images/svg/dagger_symbol.svg","https://www.topuniversities.com/sites/default/files/johns-hopkins-university_305_small.jpg","Johns Hopkins University","https://www.topuniversities.com/universities/johns-hopkins-university","Baltimore,  United States","QS Stars","More Details","82.1","Shortlist"
"=32","https://www.topuniversities.com/themes/custom/tu_d8/images/svg/dagger_symbol.svg","https://www.topuniversities.com/sites/default/files/the-university-of-tokyo_615_small.jpg","The University of Tokyo","https://www.topuniversities.com/universities/university-tokyo","Tokyo,  Japan","QS Stars","More Details","82.1","Shortlist"
"=34","https://www.topuniversities.com/themes/custom/tu_d8/images/svg/dagger_symbol.svg","https://www.topuniversities.com/sites/default/files/211207010540pm571294Webp.net-resizeimage-2021-12-07T150514.382-48x48.jpg","Columbia University","https://www.topuniversities.com/universities/columbia-university","New York City,  United States","QS Stars","More Details","82","Shortlist"
"=34","https://www.topuniversities.com/themes/custom/tu_d8/images/svg/dagger_symbol.svg","https://www.topuniversities.com/sites/default/files/the-university-of-manchester_389_small.jpg","The University of Manchester","https://www.topuniversities.com/universities/university-manchester","Manchester,  United Kingdom","QS Stars","More Details","82","Shortlist"
"36","https://www.topuniversities.com/themes/custom/tu_d8/images/svg/dagger_symbol.svg","https://www.topuniversities.com/sites/default/files/230719090304am589775CUHK-acronym-logo-thumb-200x200%20%281%29_0.jpg","The Chinese University of Hong Kong (CUHK)","https://www.topuniversities.com/universities/chinese-university-hong-kong-cuhk","Hong Kong,  Hong Kong SAR","QS Stars","More Details","81.3","Shortlist"
"37","https://www.topuniversities.com/themes/custom/tu_d8/images/svg/dagger_symbol.svg","https://www.topuniversities.com/sites/default/files/monash-university_412_small.jpg","Monash University","https://www.topuniversities.com/universities/monash-university","Melbourne,  Australia","QS Stars","More Details","81.2","Shortlist"
"38","https://www.topuniversities.com/themes/custom/tu_d8/images/svg/dagger_symbol.svg","https://www.topuniversities.com/sites/default/files/university-of-british-columbia_70_small.jpg","University of British Columbia","https://www.topuniversities.com/universities/university-british-columbia","Vancouver,  Canada","QS Stars","More Details","81","Shortlist"
"39","https://www.topuniversities.com/themes/custom/tu_d8/images/svg/dagger_symbol.svg","https://www.topuniversities.com/sites/default/files/fudan-university_218_small.jpg","Fudan University","https://www.topuniversities.com/universities/fudan-university","Shanghai,  China (Mainland)","QS Stars","More Details","80.3","Shortlist"
"=40","https://www.topuniversities.com/themes/custom/tu_d8/images/svg/dagger_symbol.svg","https://www.topuniversities.com/sites/default/files/231024034600pm558869KCL-box-red-485-rgb-48x48.jpg","King's College London","https://www.topuniversities.com/universities/kings-college-london","London,  United Kingdom","QS Stars","More Details","80.2","Shortlist"
"=40","https://www.topuniversities.com/themes/custom/tu_d8/images/svg/dagger_symbol.svg","https://www.topuniversities.com/sites/default/files/210824044126am970441uq-logo-48x48.jpg","The University of Queensland","https://www.topuniversities.com/universities/university-queensland","Brisbane City,  Australia","QS Stars","More Details","80.2","Shortlist"
"42","https://www.topuniversities.com/themes/custom/tu_d8/images/svg/dagger_symbol.svg","https://www.topuniversities.com/sites/default/files/university-of-california-los-angeles-ucla_87_small.jpg","University of California, Los Angeles (UCLA)","https://www.topuniversities.com/universities/university-california-los-angeles-ucla","Los Angeles,  United States","QS Stars","More Details","79.8","Shortlist"
"43","https://www.topuniversities.com/themes/custom/tu_d8/images/svg/dagger_symbol.svg","https://www.topuniversities.com/sites/default/files/new-york-university-nyu_448_small.jpg","New York University (NYU)","https://www.topuniversities.com/universities/new-york-university-nyu","New York City,  United States","QS Stars","More Details","79.6","Shortlist"
"44","https://www.topuniversities.com/themes/custom/tu_d8/images/svg/dagger_symbol.svg","https://www.topuniversities.com/sites/default/files/university-of-michigan_403_small.jpg","University of Michigan-Ann Arbor","https://www.topuniversities.com/universities/university-michigan-ann-arbor","Ann Arbor,  United States","QS Stars","More Details","79","Shortlist"
"45","https://www.topuniversities.com/themes/custom/tu_d8/images/svg/dagger_symbol.svg","https://www.topuniversities.com/sites/default/files/shanghai-jiao-tong-university_556_small.jpg","Shanghai Jiao Tong University","https://www.topuniversities.com/universities/shanghai-jiao-tong-university","Shanghai,  China (Mainland)","QS Stars","More Details","77.8","Shortlist"
"46","https://www.topuniversities.com/themes/custom/tu_d8/images/svg/dagger_symbol.svg","https://www.topuniversities.com/sites/default/files/institut-polytechnique-de-paris_5f3a6d4210ca6076bc71cae4_small.jpg","Institut Polytechnique de Paris","https://www.topuniversities.com/universities/institut-polytechnique-de-paris","Palaiseau Cedex,  France","QS Stars","More Details","77.5","Shortlist"
"=47","https://www.topuniversities.com/themes/custom/tu_d8/images/svg/dagger_symbol.svg","https://www.topuniversities.com/sites/default/files/the-hong-kong-university-of-science-and-technology_269_small.jpg","The Hong Kong University of Science and Technology","https://www.topuniversities.com/universities/hong-kong-university-science-technology","Hong Kong,  Hong Kong SAR","QS Stars","More Details","77.1","Shortlist"
"=47","https://www.topuniversities.com/themes/custom/tu_d8/images/svg/dagger_symbol.svg","https://www.topuniversities.com/sites/default/files/zhejiang-university_592560cf2aeae70239af4d37_small.jpg","Zhejiang University","https://www.topuniversities.com/universities/zhejiang-university","Hangzhou,  China (Mainland)","QS Stars","More Details","77.1","Shortlist"
"49","https://www.topuniversities.com/themes/custom/tu_d8/images/svg/dagger_symbol.svg","https://www.topuniversities.com/sites/default/files/delft-university-of-technology_155_small.jpg","Delft University of Technology","https://www.topuniversities.com/universities/delft-university-technology","Delft,  Netherlands","QS Stars","More Details","77","Shortlist"
"=50","https://www.topuniversities.com/themes/custom/tu_d8/images/svg/dagger_symbol.svg","https://www.topuniversities.com/sites/default/files/kyoto-university_328_small.jpg","Kyoto University","https://www.topuniversities.com/universities/kyoto-university","Kyoto,  Japan","QS Stars","More Details","76","Shortlist"
"=50","https://www.topuniversities.com/themes/custom/tu_d8/images/svg/dagger_symbol.svg","https://www.topuniversities.com/sites/default/files/northwestern-university_592560cf2aeae70239af4c50_small.jpg","Northwestern University","https://www.topuniversities.com/universities/northwestern-university","Evanston,  United States","QS Stars","More Details","76","Shortlist"
"=50","https://www.topuniversities.com/themes/custom/tu_d8/images/svg/dagger_symbol.svg","https://www.topuniversities.com/sites/default/files/london-school-of-economics-and-political-science-lse_362_small.jpg","The London School of Economics and Political Science (LSE)","https://www.topuniversities.com/universities/london-school-economics-political-science-lse","London,  United Kingdom","QS Stars","More Details","76","Shortlist"
"53","https://www.topuniversities.com/themes/custom/tu_d8/images/svg/dagger_symbol.svg","https://www.topuniversities.com/sites/default/files/kaist-korea-advanced-institute-of-science-technology_324_small.jpg","KAIST - Korea Advanced Institute of Science & Technology","https://www.topuniversities.com/universities/kaist-korea-advanced-institute-science-technology","Daejeon,  South Korea","QS Stars","More Details","75.7","Shortlist"
"54","https://www.topuniversities.com/themes/custom/tu_d8/images/svg/dagger_symbol.svg","https://www.topuniversities.com/sites/default/files/university-of-bristol_69_small.jpg","University of Bristol","https://www.topuniversities.com/universities/university-bristol","Bristol,  United Kingdom","QS Stars","More Details","75.4","Shortlist"
"55","https://www.topuniversities.com/themes/custom/tu_d8/images/svg/dagger_symbol.svg","https://www.topuniversities.com/sites/default/files/university-of-amsterdam_18_small.jpg","University of Amsterdam","https://www.topuniversities.com/universities/university-amsterdam","Amsterdam,  Netherlands","QS Stars","More Details","73.7","Shortlist"
"56","https://www.topuniversities.com/themes/custom/tu_d8/images/svg/dagger_symbol.svg","https://www.topuniversities.com/sites/default/files/yonsei-university_688_small.jpg","Yonsei University","https://www.topuniversities.com/universities/yonsei-university","Seoul,  South Korea","QS Stars","More Details","72.9","Shortlist"
"57","https://www.topuniversities.com/themes/custom/tu_d8/images/svg/dagger_symbol.svg","https://www.topuniversities.com/sites/default/files/the-hong-kong-polytechnic-university_267_small.jpg","The Hong Kong Polytechnic University","https://www.topuniversities.com/universities/hong-kong-polytechnic-university","Hong Kong SAR,  Hong Kong SAR","QS Stars","More Details","72.1","Shortlist"
"58","https://www.topuniversities.com/themes/custom/tu_d8/images/svg/dagger_symbol.svg","https://www.topuniversities.com/sites/default/files/carnegie-mellon-university_101_small.jpg","Carnegie Mellon University","https://www.topuniversities.com/universities/carnegie-mellon-university","Pittsburgh,  United States","QS Stars","More Details","72","Shortlist"
"59","https://www.topuniversities.com/themes/custom/tu_d8/images/svg/dagger_symbol.svg","https://www.topuniversities.com/sites/default/files/ludwig-maximilians-universitt-mnchen_420_small.jpg","Ludwig-Maximilians-Universität München","https://www.topuniversities.com/universities/ludwig-maximilians-universitat-munchen","Munich,  Germany","QS Stars","More Details","71.6","Shortlist"
"60","https://www.topuniversities.com/themes/custom/tu_d8/images/svg/dagger_symbol.svg","https://www.topuniversities.com/sites/default/files/universiti-malaya-um_383_small.jpg","Universiti Malaya (UM)","https://www.topuniversities.com/universities/universiti-malaya-um","Kuala Lumpur,  Malaysia","QS Stars","More Details","71.2","Shortlist"
"61","https://www.topuniversities.com/themes/custom/tu_d8/images/svg/dagger_symbol.svg","https://www.topuniversities.com/sites/default/files/duke-university_168_small.jpg","Duke University","https://www.topuniversities.com/universities/duke-university","Durham,  United States","QS Stars","More Details","70.8","Shortlist"
"62","https://www.topuniversities.com/themes/custom/tu_d8/images/svg/dagger_symbol.svg","https://www.topuniversities.com/sites/default/files/240301064743am994206logo-48x48.jpg","City University of Hong Kong","https://www.topuniversities.com/universities/city-university-hong-kong","Hong Kong SAR","QS Stars","More Details","70.7","Shortlist"
"=63","https://www.topuniversities.com/themes/custom/tu_d8/images/svg/dagger_symbol.svg","https://www.topuniversities.com/sites/default/files/ku-leuven_592560cf2aeae70239af4aec_small.jpg","KU Leuven","https://www.topuniversities.com/universities/ku-leuven","Leuven,  Belgium","QS Stars","More Details","70.3","Shortlist"
"=63","https://www.topuniversities.com/themes/custom/tu_d8/images/svg/dagger_symbol.svg","https://www.topuniversities.com/sites/default/files/sorbonne-university_5a6afcfecb4de709397114fe_small.jpg","Sorbonne University","https://www.topuniversities.com/universities/sorbonne-university","Paris,  France","QS Stars","More Details","70.3","Shortlist"
"65","https://www.topuniversities.com/themes/custom/tu_d8/images/svg/dagger_symbol.svg","https://www.topuniversities.com/sites/default/files/221206065357am877738QS-Website-logo-01-48x48.jpg","The University of Auckland","https://www.topuniversities.com/universities/university-auckland","Auckland,  New Zealand","QS Stars","More Details","69.7","Shortlist"
"66","https://www.topuniversities.com/themes/custom/tu_d8/images/svg/dagger_symbol.svg","https://www.topuniversities.com/sites/default/files/university-of-texas-at-austin_604_small.jpg","University of Texas at Austin","https://www.topuniversities.com/universities/university-texas-austin","Austin,  United States","QS Stars","More Details","69.5","Shortlist"
"67","https://www.topuniversities.com/themes/custom/tu_d8/images/svg/dagger_symbol.svg","https://www.topuniversities.com/sites/default/files/korea-university_325_small.jpg","Korea University","https://www.topuniversities.com/universities/korea-university","Seoul,  South Korea","QS Stars","More Details","69","Shortlist"
"68","https://www.topuniversities.com/themes/custom/tu_d8/images/svg/dagger_symbol.svg","https://www.topuniversities.com/sites/default/files/national-taiwan-university-ntu_592560cf2aeae70239af4c3c_small.jpg","National Taiwan University (NTU)","https://www.topuniversities.com/universities/national-taiwan-university-ntu","Taipei,  Taiwan","QS Stars","More Details","68.7","Shortlist"
"=69","https://www.topuniversities.com/themes/custom/tu_d8/images/svg/dagger_symbol.svg","https://www.topuniversities.com/sites/default/files/240325030130pm310608Warwick-logo-48x48.jpg","The University of Warwick","https://www.topuniversities.com/universities/university-warwick","Coventry,  United Kingdom","QS Stars","More Details","68.2","Shortlist"
"=69","https://www.topuniversities.com/themes/custom/tu_d8/images/svg/dagger_symbol.svg","https://www.topuniversities.com/sites/default/files/university-of-illinois-at-urbana-champaign_2090_small.jpg","University of Illinois at Urbana-Champaign","https://www.topuniversities.com/universities/university-illinois-urbana-champaign","Champaign,  United States","QS Stars","More Details","68.2","Shortlist"
"71","https://www.topuniversities.com/themes/custom/tu_d8/images/svg/dagger_symbol.svg","https://www.topuniversities.com/sites/default/files/universidad-de-buenos-aires-uba_78_small.jpg","Universidad de Buenos Aires (UBA)","https://www.topuniversities.com/universities/universidad-de-buenos-aires-uba","Buenos Aires,  Argentina","QS Stars","More Details","67.6","Shortlist"
"72","https://www.topuniversities.com/themes/custom/tu_d8/images/svg/dagger_symbol.svg","https://www.topuniversities.com/sites/default/files/university-of-california-san-diego-ucsd_89_small.jpg","University of California, San Diego (UCSD)","https://www.topuniversities.com/universities/university-california-san-diego-ucsd","San Diego,  United States","QS Stars","More Details","67.1","Shortlist"
"73","https://www.topuniversities.com/themes/custom/tu_d8/images/svg/dagger_symbol.svg","https://www.topuniversities.com/sites/default/files/universit-paris-saclay_592560cf2aeae70239af4c6e_small.jpg","Université Paris-Saclay","https://www.topuniversities.com/universities/universite-paris-saclay","Gif-sur-Yvette,,  France","QS Stars","More Details","67","Shortlist"
"74","https://www.topuniversities.com/themes/custom/tu_d8/images/svg/dagger_symbol.svg","https://www.topuniversities.com/sites/default/files/kth-royal-institute-of-technology-_592560cf2aeae70239af4c9b_small.jpg","KTH Royal Institute of Technology","https://www.topuniversities.com/universities/kth-royal-institute-technology","Stockholm,  Sweden","QS Stars","More Details","65.7","Shortlist"
"75","https://www.topuniversities.com/themes/custom/tu_d8/images/svg/dagger_symbol.svg","https://www.topuniversities.com/sites/default/files/lund-university_371_small.jpg","Lund University","https://www.topuniversities.com/universities/lund-university","Lund,  Sweden","QS Stars","More Details","65.6","Shortlist"
"76","https://www.topuniversities.com/themes/custom/tu_d8/images/svg/dagger_symbol.svg","https://www.topuniversities.com/sites/default/files/university-of-washington_592560cf2aeae70239af4d1e_small.jpg","University of Washington","https://www.topuniversities.com/universities/university-washington","Seattle,  United States","QS Stars","More Details","65.3","Shortlist"
"77","https://www.topuniversities.com/themes/custom/tu_d8/images/svg/dagger_symbol.svg","https://www.topuniversities.com/sites/default/files/the-university-of-western-australia_673_small.jpg","The University of Western Australia","https://www.topuniversities.com/universities/university-western-australia","Perth,  Australia","QS Stars","More Details","65.2","Shortlist"
"78","https://www.topuniversities.com/themes/custom/tu_d8/images/svg/dagger_symbol.svg","https://www.topuniversities.com/sites/default/files/university-of-glasgow_592560cf2aeae70239af4b6c_small.jpg","University of Glasgow","https://www.topuniversities.com/universities/university-glasgow","Glasgow,  United Kingdom","QS Stars","More Details","65","Shortlist"
"79","https://www.topuniversities.com/themes/custom/tu_d8/images/svg/dagger_symbol.svg","https://www.topuniversities.com/sites/default/files/brown-university_72_small.jpg","Brown University","https://www.topuniversities.com/universities/brown-university","Providence,  United States","QS Stars","More Details","64.7","Shortlist"
"=80","https://www.topuniversities.com/themes/custom/tu_d8/images/svg/dagger_symbol.svg","https://www.topuniversities.com/sites/default/files/university-of-birmingham_59_small.jpg","University of Birmingham","https://www.topuniversities.com/universities/university-birmingham","Birmingham,  United Kingdom","QS Stars","More Details","64.1","Shortlist"
"=80","https://www.topuniversities.com/themes/custom/tu_d8/images/svg/dagger_symbol.svg","https://www.topuniversities.com/sites/default/files/university-of-southampton_567_small.jpg","University of Southampton","https://www.topuniversities.com/universities/university-southampton","Southampton,  United Kingdom","QS Stars","More Details","64.1","Shortlist"
"=82","https://www.topuniversities.com/themes/custom/tu_d8/images/svg/dagger_symbol.svg","https://www.topuniversities.com/sites/default/files/the-university-of-adelaide_10_small.jpg","The University of Adelaide","https://www.topuniversities.com/universities/university-adelaide","Adelaide,  Australia","QS Stars","More Details","63.8","Shortlist"
"=82","https://www.topuniversities.com/themes/custom/tu_d8/images/svg/dagger_symbol.svg","https://www.topuniversities.com/sites/default/files/University-of-Leeds-2-1-48x48.jpg","University of Leeds","https://www.topuniversities.com/universities/university-leeds","Leeds,  United Kingdom","QS Stars","More Details","63.8","Shortlist"
"=84","https://www.topuniversities.com/themes/custom/tu_d8/images/svg/dagger_symbol.svg","https://www.topuniversities.com/sites/default/files/221104124726pm969012uniHD-siegel-200x200k-48x48.jpg","Universität Heidelberg","https://www.topuniversities.com/universities/universitat-heidelberg","Heidelberg,  Germany","QS Stars","More Details","63.7","Shortlist"
"=84","https://www.topuniversities.com/themes/custom/tu_d8/images/svg/dagger_symbol.svg","https://www.topuniversities.com/sites/default/files/tokyo-institute-of-technology_592560cf2aeae70239af4ceb_small.jpg","Tokyo Institute of Technology (Tokyo Tech)","https://www.topuniversities.com/universities/tokyo-institute-technology-tokyo-tech","Tokyo,  Japan","QS Stars","More Details","63.7","Shortlist"
"86","https://www.topuniversities.com/themes/custom/tu_d8/images/svg/dagger_symbol.svg","https://www.topuniversities.com/sites/default/files/osaka-university_472_small.jpg","Osaka University","https://www.topuniversities.com/universities/osaka-university","Osaka City,  Japan","QS Stars","More Details","63.5","Shortlist"
"87","https://www.topuniversities.com/themes/custom/tu_d8/images/svg/dagger_symbol.svg","https://www.topuniversities.com/sites/default/files/trinity-college-dublin-the-university-of-dublin_167_small.jpg","Trinity College Dublin, The University of Dublin","https://www.topuniversities.com/universities/trinity-college-dublin-university-dublin","Dublin,  Ireland","QS Stars","More Details","62.9","Shortlist"
"88","https://www.topuniversities.com/themes/custom/tu_d8/images/svg/dagger_symbol.svg","https://www.topuniversities.com/sites/default/files/university-of-technology-sydney_592560cf2aeae70239af4ccf_small.jpg","University of Technology Sydney","https://www.topuniversities.com/universities/university-technology-sydney","Haymarket,  Australia","QS Stars","More Details","62.4","Shortlist"
"=89","https://www.topuniversities.com/themes/custom/tu_d8/images/svg/dagger_symbol.svg","https://www.topuniversities.com/sites/default/files/durham-university_170_small.jpg","Durham University","https://www.topuniversities.com/universities/durham-university","Durham,  United Kingdom","QS Stars","More Details","61.7","Shortlist"
"=89","https://www.topuniversities.com/themes/custom/tu_d8/images/svg/dagger_symbol.svg","https://www.topuniversities.com/sites/default/files/pennsylvania-state-university_494_small.jpg","Pennsylvania State University","https://www.topuniversities.com/universities/pennsylvania-state-university","University Park,  United States","QS Stars","More Details","61.7","Shortlist"
"=89","https://www.topuniversities.com/themes/custom/tu_d8/images/svg/dagger_symbol.svg","https://www.topuniversities.com/sites/default/files/230619052213pm191066PU-SIG-Logo-RGB--PU-V-Full-RGB-48x48.jpg","Purdue University","https://www.topuniversities.com/universities/purdue-university","West Lafayette,  United States","QS Stars","More Details","61.7","Shortlist"
"92","https://www.topuniversities.com/themes/custom/tu_d8/images/svg/dagger_symbol.svg","https://www.topuniversities.com/sites/default/files/universidade-de-so-paulo_550_small.jpg","Universidade de São Paulo","https://www.topuniversities.com/universities/universidade-de-sao-paulo","São Paulo,  Brazil","QS Stars","More Details","61.6","Shortlist"
"93","https://www.topuniversities.com/themes/custom/tu_d8/images/svg/dagger_symbol.svg","https://www.topuniversities.com/sites/default/files/pontificia-universidad-catlica-de-chile-uc_107_small.jpg","Pontificia Universidad Católica de Chile (UC)","https://www.topuniversities.com/universities/pontificia-universidad-cat%C3%B3lica-de-chile-uc","Santiago,  Chile","QS Stars","More Details","61.5","Shortlist"
"=94","https://www.topuniversities.com/themes/custom/tu_d8/images/svg/dagger_symbol.svg","https://www.topuniversities.com/sites/default/files/lomonosov-moscow-state-university-_592560cf2aeae70239af4c27_small.jpg","Lomonosov Moscow State University","https://www.topuniversities.com/universities/lomonosov-moscow-state-university","Moscow,  Russia","QS Stars","More Details","61.4","Shortlist"
"=94","https://www.topuniversities.com/themes/custom/tu_d8/images/svg/dagger_symbol.svg","https://www.topuniversities.com/sites/default/files/universidad-nacional-autnoma-de-mxico-unam_425_small.jpg","Universidad Nacional Autónoma de México  (UNAM)","https://www.topuniversities.com/universities/universidad-nacional-autonoma-de-mexico-unam","Mexico City,  Mexico","QS Stars","More Details","61.4","Shortlist"
"96","https://www.topuniversities.com/themes/custom/tu_d8/images/svg/dagger_symbol.svg","https://www.topuniversities.com/sites/default/files/240306052437pm316638378168-RankingLogo-QS-200x200px-48x48.jpg","University of Alberta","https://www.topuniversities.com/universities/university-alberta","Edmonton,,  Canada","QS Stars","More Details","61.2","Shortlist"
"97","https://www.topuniversities.com/themes/custom/tu_d8/images/svg/dagger_symbol.svg","https://www.topuniversities.com/sites/default/files/freie-universitaet-berlin_215_small.jpg","Freie Universitaet Berlin","https://www.topuniversities.com/universities/freie-universitaet-berlin","Berlin,  Germany","QS Stars","More Details","60.6","Shortlist"
"98","https://www.topuniversities.com/themes/custom/tu_d8/images/svg/dagger_symbol.svg","https://www.topuniversities.com/sites/default/files/pohang-university-of-science-and-technology-postech_592560cf2aeae70239af4c7b_small.jpg","Pohang University of Science And Technology (POSTECH)","https://www.topuniversities.com/universities/pohang-university-science-technology-postech","Pohang ,  South Korea","QS Stars","More Details","60.3","Shortlist"
"99","https://www.topuniversities.com/themes/custom/tu_d8/images/svg/dagger_symbol.svg","https://www.topuniversities.com/sites/default/files/rwth-aachen-university_4_small.jpg","RWTH Aachen University","https://www.topuniversities.com/universities/rwth-aachen-university","Aachen,  Germany","QS Stars","More Details","59.9","Shortlist"
"100","https://www.topuniversities.com/themes/custom/tu_d8/images/svg/dagger_symbol.svg","https://www.topuniversities.com/sites/default/files/university-of-copenhagen_141_small.jpg","University of Copenhagen","https://www.topuniversities.com/universities/university-copenhagen","Copenhagen,  Denmark","QS Stars","More Details","59.6","Shortlist"
"101","https://www.topuniversities.com/themes/custom/tu_d8/images/svg/dagger_symbol.svg","https://www.topuniversities.com/sites/default/files/240507073218am299774newest-logo-KFUPM-48x48.jpg","KFUPM","https://www.topuniversities.com/universities/kfupm","Dhahran,  Saudi Arabia","QS Stars","More Details","59.5","Shortlist"
"102","https://www.topuniversities.com/themes/custom/tu_d8/images/svg/dagger_symbol.svg","https://www.topuniversities.com/sites/default/files/kit-karlsruhe-institute-of-technology_310_small.jpg","KIT, Karlsruhe Institute of Technology","https://www.topuniversities.com/universities/kit-karlsruhe-institute-technology","Karlsruhe,  Germany","QS Stars","More Details","59.4","Shortlist"
"103","https://www.topuniversities.com/themes/custom/tu_d8/images/svg/dagger_symbol.svg","https://www.topuniversities.com/sites/default/files/uppsala-university_643_small.jpg","Uppsala University","https://www.topuniversities.com/universities/uppsala-university","Uppsala,  Sweden","QS Stars","More Details","59.3","Shortlist"
"104","https://www.topuniversities.com/themes/custom/tu_d8/images/svg/dagger_symbol.svg","https://www.topuniversities.com/sites/default/files/university-of-st-andrews_570_small.jpg","University of St Andrews","https://www.topuniversities.com/universities/university-st-andrews","St. Andrews,  United Kingdom","QS Stars","More Details","59.2","Shortlist"
"=105","https://www.topuniversities.com/themes/custom/tu_d8/images/svg/dagger_symbol.svg","https://www.topuniversities.com/sites/default/files/230919100158am438629UoS-logo-48x48.jpg","The University of Sheffield","https://www.topuniversities.com/universities/university-sheffield","Sheffield,  United Kingdom","QS Stars","More Details","59.1","Shortlist"
"=105","https://www.topuniversities.com/themes/custom/tu_d8/images/svg/dagger_symbol.svg","https://www.topuniversities.com/sites/default/files/utrecht-university_646_small.jpg","Utrecht University","https://www.topuniversities.com/universities/utrecht-university","Utrecht,  Netherlands","QS Stars","More Details","59.1","Shortlist"
"107","https://www.topuniversities.com/themes/custom/tu_d8/images/svg/dagger_symbol.svg","https://www.topuniversities.com/sites/default/files/tohoku-university_611_small.jpg","Tohoku University","https://www.topuniversities.com/universities/tohoku-university","Sendai City,  Japan","QS Stars","More Details","58.8","Shortlist"
"108","https://www.topuniversities.com/themes/custom/tu_d8/images/svg/dagger_symbol.svg","https://www.topuniversities.com/sites/default/files/boston-university_592560cf2aeae70239af4ac2_small.jpg","Boston University","https://www.topuniversities.com/universities/boston-university","Boston,  United States","QS Stars","More Details","58.6","Shortlist"
"108","https://www.topuniversities.com/themes/custom/tu_d8/images/svg/dagger_symbol.svg","https://www.topuniversities.com/sites/default/files/240606102649am426810UoN-NottinghamBlue-CastleBox-RGB-48x48.jpg","University of Nottingham","https://www.topuniversities.com/universities/university-nottingham","Nottingham,  United Kingdom","QS Stars","More Details","58.5","Shortlist"
"=109","https://www.topuniversities.com/themes/custom/tu_d8/images/svg/dagger_symbol.svg","https://www.topuniversities.com/sites/default/files/technical-university-of-denmark_592560cf2aeae70239af4cd8_small.jpg","Technical University of Denmark","https://www.topuniversities.com/universities/technical-university-denmark","Kongens Lyngby,  Denmark","QS Stars","More Details","58.3","Shortlist"
"=109","https://www.topuniversities.com/themes/custom/tu_d8/images/svg/dagger_symbol.svg","https://www.topuniversities.com/sites/default/files/university-of-zurich_693_small.jpg","University of Zurich","https://www.topuniversities.com/universities/university-zurich","Zürich,  Switzerland","QS Stars","More Details","58.3","Shortlist"
"111","https://www.topuniversities.com/themes/custom/tu_d8/images/svg/dagger_symbol.svg","https://www.topuniversities.com/sites/default/files/politecnico-di-milano_592560cf2aeae70239af4c1c_small.jpg","Politecnico di Milano","https://www.topuniversities.com/universities/politecnico-di-milano","Milan,,  Italy","QS Stars","More Details","58.2","Shortlist"
"113","https://www.topuniversities.com/themes/custom/tu_d8/images/svg/dagger_symbol.svg","https://www.topuniversities.com/sites/default/files/230913111738am272302Aalto-University-logo-200x200-48x48.jpg","Aalto University","https://www.topuniversities.com/universities/aalto-university","Espoo,  Finland","QS Stars","More Details","57.9","Shortlist"
"114","https://www.topuniversities.com/themes/custom/tu_d8/images/svg/dagger_symbol.svg","https://www.topuniversities.com/sites/default/files/georgia-institute-of-technology_225_small.jpg","Georgia Institute of Technology","https://www.topuniversities.com/universities/georgia-institute-technology","Atlanta,  United States","QS Stars","More Details","57.3","Shortlist"
"115","https://www.topuniversities.com/themes/custom/tu_d8/images/svg/dagger_symbol.svg","https://www.topuniversities.com/sites/default/files/university-of-waterloo_670_small.jpg","University of Waterloo","https://www.topuniversities.com/universities/university-waterloo","Waterloo,  Canada","QS Stars","More Details","57.2","Shortlist"
"116","https://www.topuniversities.com/themes/custom/tu_d8/images/svg/dagger_symbol.svg","https://www.topuniversities.com/sites/default/files/university-of-wisconsin-madison_678_small.jpg","University of Wisconsin-Madison","https://www.topuniversities.com/universities/university-wisconsin-madison","Madison,  United States","QS Stars","More Details","57.1","Shortlist"
"117","https://www.topuniversities.com/themes/custom/tu_d8/images/svg/dagger_symbol.svg","https://www.topuniversities.com/sites/default/files/university-of-helsinki_260_small.jpg","University of Helsinki","https://www.topuniversities.com/universities/university-helsinki","Helsinki,  Finland","QS Stars","More Details","56.8","Shortlist"
"118","https://www.topuniversities.com/themes/custom/tu_d8/images/svg/dagger_symbol.svg","https://www.topuniversities.com/sites/default/files/indian-institute-of-technology-bombay-iitb_281_small.jpg","Indian Institute of Technology Bombay (IITB)","https://www.topuniversities.com/universities/indian-institute-technology-bombay-iitb","Mumbai,  India","QS Stars","More Details","56.3","Shortlist"
"119","https://www.topuniversities.com/themes/custom/tu_d8/images/svg/dagger_symbol.svg","https://www.topuniversities.com/sites/default/files/university-of-oslo_473_small.jpg","University of Oslo","https://www.topuniversities.com/universities/university-oslo","Oslo,  Norway","QS Stars","More Details","56.1","Shortlist"
"=120","https://www.topuniversities.com/themes/custom/tu_d8/images/svg/dagger_symbol.svg","https://www.topuniversities.com/sites/default/files/queen-mary-university-of-london_592560cf2aeae70239af4bea_small.jpg","Queen Mary University of London","https://www.topuniversities.com/universities/queen-mary-university-london","London,  United Kingdom","QS Stars","More Details","55.8","Shortlist"
"=120","https://www.topuniversities.com/themes/custom/tu_d8/images/svg/dagger_symbol.svg","https://www.topuniversities.com/sites/default/files/the-university-of-western-ontario_674_small.jpg","Western University","https://www.topuniversities.com/universities/western-university","London,  Canada","QS Stars","More Details","55.8","Shortlist"
"122","https://www.topuniversities.com/themes/custom/tu_d8/images/svg/dagger_symbol.svg","https://www.topuniversities.com/sites/default/files/qatar-university_2537_small.jpg","Qatar University","https://www.topuniversities.com/universities/qatar-university","Doha,  Qatar","QS Stars","More Details","55.7","Shortlist"
"=123","https://www.topuniversities.com/themes/custom/tu_d8/images/svg/dagger_symbol.svg","https://www.topuniversities.com/sites/default/files/rmit-university_592560cf2aeae70239af4c95_small.jpg","RMIT University","https://www.topuniversities.com/universities/rmit-university","Melbourne,  Australia","QS Stars","More Details","55.5","Shortlist"
"","","","","","","","","",""
"=123","https://www.topuniversities.com/themes/custom/tu_d8/images/svg/dagger_symbol.svg","https://www.topuniversities.com/sites/default/files/sungkyunkwan-universityskku_592560cf2aeae70239af4cc9_small.jpg","Sungkyunkwan University (SKKU)","https://www.topuniversities.com/universities/sungkyunkwan-universityskku","Suwon,  South Korea","QS Stars","More Details","55.5","Shortlist"
"125","https://www.topuniversities.com/themes/custom/tu_d8/images/svg/dagger_symbol.svg","https://www.topuniversities.com/sites/default/files/university-of-southern-california_569_small.jpg","University of Southern California","https://www.topuniversities.com/universities/university-southern-california","Los Angeles,  United States","QS Stars","More Details","55.2","Shortlist"
"=126","https://www.topuniversities.com/themes/custom/tu_d8/images/svg/dagger_symbol.svg","https://www.topuniversities.com/sites/default/files/humboldt-universitt-zu-berlin_272_small.jpg","Humboldt-Universität zu Berlin","https://www.topuniversities.com/universities/humboldt-universitat-zu-berlin","Berlin,  Germany","QS Stars","More Details","55","Shortlist"
"=126","https://www.topuniversities.com/themes/custom/tu_d8/images/svg/dagger_symbol.svg","https://www.topuniversities.com/sites/default/files/university-college-dublin_166_small.jpg","University College Dublin","https://www.topuniversities.com/universities/university-college-dublin","Dublin,  Ireland","QS Stars","More Details","55","Shortlist"
"128","https://www.topuniversities.com/themes/custom/tu_d8/images/svg/dagger_symbol.svg","https://www.topuniversities.com/sites/default/files/stockholm-university_577_small.jpg","Stockholm University","https://www.topuniversities.com/universities/stockholm-university","Stockholm,  Sweden","QS Stars","More Details","54.8","Shortlist"
"129","https://www.topuniversities.com/themes/custom/tu_d8/images/svg/dagger_symbol.svg","https://www.topuniversities.com/sites/default/files/newcastle-university_592560cf2aeae70239af4c45_small.jpg","Newcastle University","https://www.topuniversities.com/universities/newcastle-university","Newcastle upon Tyne,  United Kingdom","QS Stars","More Details","54.5","Shortlist"
"130","https://www.topuniversities.com/themes/custom/tu_d8/images/svg/dagger_symbol.svg","https://www.topuniversities.com/sites/default/files/university-of-california-davis_592560cf2aeae70239af4ad8_small.jpg","University of California, Davis","https://www.topuniversities.com/universities/university-california-davis","Davis,  United States","QS Stars","More Details","54.4","Shortlist"
"","","","","","","","","",""
"131","https://www.topuniversities.com/themes/custom/tu_d8/images/svg/dagger_symbol.svg","https://www.topuniversities.com/sites/default/files/university-of-basel_46_small.jpg","University of Basel","https://www.topuniversities.com/universities/university-basel","Basel,  Switzerland","QS Stars","More Details","54.3","Shortlist"
"132","https://www.topuniversities.com/themes/custom/tu_d8/images/svg/dagger_symbol.svg","https://www.topuniversities.com/sites/default/files/sapienza-university-of-rome_592560cf2aeae70239af4c97_small.jpg","Sapienza University of Rome","https://www.topuniversities.com/universities/sapienza-university-rome","Rome,  Italy","QS Stars","More Details","54.2","Shortlist"
"=133","https://www.topuniversities.com/themes/custom/tu_d8/images/svg/dagger_symbol.svg","https://www.topuniversities.com/sites/default/files/240304015357pm262606Unibo-200X200-48x48.jpg","Alma Mater Studiorum - Università di Bologna","https://www.topuniversities.com/universities/alma-mater-studiorum-universita-di-bologna","Bologna,  Italy","QS Stars","More Details","54.1","Shortlist"
"=133","https://www.topuniversities.com/themes/custom/tu_d8/images/svg/dagger_symbol.svg","https://www.topuniversities.com/sites/default/files/macquarie-university_378_small.jpg","Macquarie University (Sydney, Australia)","https://www.topuniversities.com/universities/macquarie-university-sydney-australia","Sydney,  Australia","QS Stars","More Details","54.1","Shortlist"
"=133","https://www.topuniversities.com/themes/custom/tu_d8/images/svg/dagger_symbol.svg","https://www.topuniversities.com/sites/default/files/university-of-science-and-technology-of-china_122_small.jpg","University of Science and Technology of China","https://www.topuniversities.com/universities/university-science-technology-china","Hefei,  China (Mainland)","QS Stars","More Details","54.1","Shortlist"
"136","https://www.topuniversities.com/themes/custom/tu_d8/images/svg/dagger_symbol.svg","https://www.topuniversities.com/sites/default/files/eindhoven-university-of-technology_592560cf2aeae70239af4b3c_small.jpg","Eindhoven University of Technology","https://www.topuniversities.com/universities/eindhoven-university-technology","Eindhoven,  Netherlands","QS Stars","More Details","54","Shortlist"
"137","https://www.topuniversities.com/themes/custom/tu_d8/images/svg/dagger_symbol.svg","https://www.topuniversities.com/sites/default/files/university-of-vienna_652_small.jpg","University of Vienna","https://www.topuniversities.com/universities/university-vienna","Vienna,  Austria","QS Stars","More Details","53.9","Shortlist"
"138","https://www.topuniversities.com/themes/custom/tu_d8/images/svg/dagger_symbol.svg","https://www.topuniversities.com/sites/default/files/universiti-kebangsaan-malaysia-ukm_384_small.jpg","Universiti Kebangsaan Malaysia (UKM)","https://www.topuniversities.com/universities/universiti-kebangsaan-malaysia-ukm","Bangi,  Malaysia","QS Stars","More Details","53.8","Shortlist"
"=139","https://www.topuniversities.com/themes/custom/tu_d8/images/svg/dagger_symbol.svg","https://www.topuniversities.com/sites/default/files/chalmers-university-of-technology_592560cf2aeae70239af4af7_small.jpg","Chalmers University of Technology","https://www.topuniversities.com/universities/chalmers-university-technology","Gothenburg,  Sweden","QS Stars","More Details","53.7","Shortlist"
"=139","https://www.topuniversities.com/themes/custom/tu_d8/images/svg/dagger_symbol.svg","https://www.topuniversities.com/sites/default/files/universidad-de-chile_121_small.jpg","Universidad de Chile","https://www.topuniversities.com/universities/universidad-de-chile","Santiago,  Chile","QS Stars","More Details","53.7","Shortlist"
"","","","","","","","","",""
"=141","https://www.topuniversities.com/themes/custom/tu_d8/images/svg/dagger_symbol.svg","https://www.topuniversities.com/sites/default/files/lancaster-university_335_small.jpg","Lancaster University","https://www.topuniversities.com/universities/lancaster-university","Lancaster,,  United Kingdom","QS Stars","More Details","53.6","Shortlist"
"=141","https://www.topuniversities.com/themes/custom/tu_d8/images/svg/dagger_symbol.svg","https://www.topuniversities.com/sites/default/files/leiden-university_340_small.jpg","Leiden University","https://www.topuniversities.com/universities/leiden-university","Leiden,  Netherlands","QS Stars","More Details","53.6","Shortlist"
"=141","https://www.topuniversities.com/themes/custom/tu_d8/images/svg/dagger_symbol.svg","https://www.topuniversities.com/sites/default/files/rice-university_524_small.jpg","Rice University","https://www.topuniversities.com/universities/rice-university","Houston,  United States","QS Stars","More Details","53.6","Shortlist"
"144","https://www.topuniversities.com/themes/custom/tu_d8/images/svg/dagger_symbol.svg","https://www.topuniversities.com/sites/default/files/aarhus-university_592560cf2aeae70239af4a8a_small.jpg","Aarhus University","https://www.topuniversities.com/universities/aarhus-university","Aarhus,  Denmark","QS Stars","More Details","53.3","Shortlist"
"145","https://www.topuniversities.com/themes/custom/tu_d8/images/svg/dagger_symbol.svg","https://www.topuniversities.com/sites/default/files/nanjing-university_430_small.jpg","Nanjing University","https://www.topuniversities.com/universities/nanjing-university","Nanjing,  China (Mainland)","QS Stars","More Details","53","Shortlist"
"146","https://www.topuniversities.com/themes/custom/tu_d8/images/svg/dagger_symbol.svg","https://www.topuniversities.com/sites/default/files/universiti-sains-malaysia-usm_386_small.jpg","Universiti Sains Malaysia (USM)","https://www.topuniversities.com/universities/universiti-sains-malaysia-usm","Gelugor,  Malaysia","QS Stars","More Details","52.7","Shortlist"
"147","https://www.topuniversities.com/themes/custom/tu_d8/images/svg/dagger_symbol.svg","https://www.topuniversities.com/sites/default/files/technische-universitt-berlin-tu-berlin_595_small.jpg","Technische Universität Berlin (TU Berlin)","https://www.topuniversities.com/universities/technische-universitat-berlin-tu-berlin","Berlin,  Germany","QS Stars","More Details","52.5","Shortlist"
"148","https://www.topuniversities.com/themes/custom/tu_d8/images/svg/dagger_symbol.svg","https://www.topuniversities.com/sites/default/files/universiti-putra-malaysia-upm_385_small.jpg","Universiti Putra Malaysia (UPM)","https://www.topuniversities.com/universities/universiti-putra-malaysia-upm","Seri Kembangan,  Malaysia","QS Stars","More Details","52.3","Shortlist"
"149","https://www.topuniversities.com/themes/custom/tu_d8/images/svg/dagger_symbol.svg","https://www.topuniversities.com/sites/default/files/king-abdulaziz-university-kau_1172_small.jpg","King Abdulaziz University (KAU)","https://www.topuniversities.com/universities/king-abdulaziz-university-kau","Jeddah,  Saudi Arabia","QS Stars","More Details","52.2","Shortlist"
"=150","https://www.topuniversities.com/themes/custom/tu_d8/images/svg/dagger_symbol.svg","https://www.topuniversities.com/sites/default/files/indian-institute-of-technology-delhi-iitd_282_small.jpg","Indian Institute of Technology Delhi (IITD)","https://www.topuniversities.com/universities/indian-institute-technology-delhi-iitd","New Delhi,  India","QS Stars","More Details","52.1","Shortlist"
"=150","https://www.topuniversities.com/themes/custom/tu_d8/images/svg/dagger_symbol.svg","https://www.topuniversities.com/sites/default/files/university-of-bath_47_small.jpg","University of Bath","https://www.topuniversities.com/universities/university-bath","Bath,  United Kingdom","QS Stars","More Details","52.1","Shortlist"
"=152","https://www.topuniversities.com/themes/custom/tu_d8/images/svg/dagger_symbol.svg","https://www.topuniversities.com/sites/default/files/michigan-state-university_402_small.jpg","Michigan State University","https://www.topuniversities.com/universities/michigan-state-university","East Lansing,  United States","QS Stars","More Details","51.9","Shortlist"
"=152","https://www.topuniversities.com/themes/custom/tu_d8/images/svg/dagger_symbol.svg","https://www.topuniversities.com/sites/default/files/nagoya-university_427_small.jpg","Nagoya University","https://www.topuniversities.com/universities/nagoya-university","Nagoya,  Japan","QS Stars","More Details","51.9","Shortlist"
"154","https://www.topuniversities.com/themes/custom/tu_d8/images/svg/dagger_symbol.svg","https://www.topuniversities.com/sites/default/files/texas-am-university_592560cf2aeae70239af4ce2_small.jpg","Texas A&M University","https://www.topuniversities.com/universities/texas-am-university","College Station,  United States","QS Stars","More Details","51.8","Shortlist"
"=155","https://www.topuniversities.com/themes/custom/tu_d8/images/svg/dagger_symbol.svg","https://www.topuniversities.com/sites/default/files/university-of-geneva_221_small.jpg","University of Geneva","https://www.topuniversities.com/universities/university-geneva","Geneva,  Switzerland","QS Stars","More Details","51.6","Shortlist"
"=155","https://www.topuniversities.com/themes/custom/tu_d8/images/svg/dagger_symbol.svg","https://www.topuniversities.com/sites/default/files/university-of-north-carolina-chapel-hill_424_small.jpg","University of North Carolina at Chapel Hill","https://www.topuniversities.com/universities/university-north-carolina-chapel-hill","Chapel Hill,  United States","QS Stars","More Details","51.6","Shortlist"
"=155","https://www.topuniversities.com/themes/custom/tu_d8/images/svg/dagger_symbol.svg","https://www.topuniversities.com/sites/default/files/wageningen-university_659_small.jpg","Wageningen University & Research","https://www.topuniversities.com/universities/wageningen-university-research","Wageningen,  Netherlands","QS Stars","More Details","51.6","Shortlist"
"158","https://www.topuniversities.com/themes/custom/tu_d8/images/svg/dagger_symbol.svg","https://www.topuniversities.com/sites/default/files/erasmus-university-rotterdam_190_small.jpg","Erasmus University Rotterdam","https://www.topuniversities.com/universities/erasmus-university-rotterdam","Rotterdam,  Netherlands","QS Stars","More Details","51.5","Shortlist"
"=159","https://www.topuniversities.com/themes/custom/tu_d8/images/svg/dagger_symbol.svg","https://www.topuniversities.com/sites/default/files/university-of-groningen_243_small.jpg","University of Groningen","https://www.topuniversities.com/universities/university-groningen","Groningen,  Netherlands","QS Stars","More Details","51.3","Shortlist"
"=159","https://www.topuniversities.com/themes/custom/tu_d8/images/svg/dagger_symbol.svg","https://www.topuniversities.com/sites/default/files/universit-de-montral_417_small.jpg","Université de Montréal","https://www.topuniversities.com/universities/universite-de-montreal","Montreal,  Canada","QS Stars","More Details","51.3","Shortlist"
"161","https://www.topuniversities.com/themes/custom/tu_d8/images/svg/dagger_symbol.svg","https://www.topuniversities.com/sites/default/files/university-of-bern_55_small.jpg","University of Bern","https://www.topuniversities.com/universities/university-bern","Bern,  Switzerland","QS Stars","More Details","51.2","Shortlist"
"162","https://www.topuniversities.com/themes/custom/tu_d8/images/svg/dagger_symbol.svg","https://www.topuniversities.com/sites/default/files/hanyang-university_250_small.jpg","Hanyang University","https://www.topuniversities.com/universities/hanyang-university","Seoul,  South Korea","QS Stars","More Details","51.1","Shortlist"
"163","https://www.topuniversities.com/themes/custom/tu_d8/images/svg/dagger_symbol.svg","https://www.topuniversities.com/sites/default/files/240206083847am456393logo-1-48x48.jpg","Al-Farabi Kazakh National University","https://www.topuniversities.com/universities/al-farabi-kazakh-national-university","Almaty,  Kazakhstan","QS Stars","More Details","51","Shortlist"
"164","https://www.topuniversities.com/themes/custom/tu_d8/images/svg/dagger_symbol.svg","https://www.topuniversities.com/sites/default/files/complutense-university-of-madrid_592560cf2aeae70239af4bff_small.jpg","Complutense University of Madrid","https://www.topuniversities.com/universities/complutense-university-madrid","Madrid,  Spain","QS Stars","More Details","50.9","Shortlist"
"=165","https://www.topuniversities.com/themes/custom/tu_d8/images/svg/dagger_symbol.svg","https://www.topuniversities.com/sites/default/files/university-of-barcelona_592560cf2aeae70239af4aaf_small.jpg","Universitat de Barcelona","https://www.topuniversities.com/universities/universitat-de-barcelona","Barcelona,  Spain","QS Stars","More Details","50.7","Shortlist"
"=165","https://www.topuniversities.com/themes/custom/tu_d8/images/svg/dagger_symbol.svg","https://www.topuniversities.com/sites/default/files/university-of-liverpool_350_small.jpg","University of Liverpool","https://www.topuniversities.com/universities/university-liverpool","Liverpool,  United Kingdom","QS Stars","More Details","50.7","Shortlist"
"=167","https://www.topuniversities.com/themes/custom/tu_d8/images/svg/dagger_symbol.svg","https://www.topuniversities.com/sites/default/files/kyushu-university_331_small.jpg","Kyushu University","https://www.topuniversities.com/universities/kyushu-university","Fukuoka City,  Japan","QS Stars","More Details","50.3","Shortlist"
"=167","https://www.topuniversities.com/themes/custom/tu_d8/images/svg/dagger_symbol.svg","https://www.topuniversities.com/sites/default/files/university-of-wollongong_680_small.jpg","University of Wollongong","https://www.topuniversities.com/universities/university-wollongong","Wollongong,  Australia","QS Stars","More Details","50.3","Shortlist"
"=169","https://www.topuniversities.com/themes/custom/tu_d8/images/svg/dagger_symbol.svg","https://www.topuniversities.com/sites/default/files/ghent-university_228_small.jpg","Ghent University","https://www.topuniversities.com/universities/ghent-university","Ghent,  Belgium","QS Stars","More Details","50.1","Shortlist"
"=169","https://www.topuniversities.com/themes/custom/tu_d8/images/svg/dagger_symbol.svg","https://www.topuniversities.com/sites/default/files/221117102054am246521University-of-Exeter-Simplified-Logo-Portrait-positive-200-x-200-48x48.jpg","University of Exeter","https://www.topuniversities.com/universities/university-exeter","Exeter,  United Kingdom","QS Stars","More Details","50.1","Shortlist"
"171","https://www.topuniversities.com/themes/custom/tu_d8/images/svg/dagger_symbol.svg","https://www.topuniversities.com/sites/default/files/210830024732pm396697UCTcircular-logo1-CMYK-48x48.jpg","University of Cape Town","https://www.topuniversities.com/universities/university-cape-town","Cape Town,  South Africa","QS Stars","More Details","50","Shortlist"
"172","https://www.topuniversities.com/themes/custom/tu_d8/images/svg/dagger_symbol.svg","https://www.topuniversities.com/sites/default/files/university-of-reading_517_small.jpg","University of Reading","https://www.topuniversities.com/universities/university-reading","Reading,  United Kingdom","QS Stars","More Details","49.9","Shortlist"
"173","https://www.topuniversities.com/themes/custom/tu_d8/images/svg/dagger_symbol.svg","https://www.topuniversities.com/sites/default/files/hokkaido-university_266_small.jpg","Hokkaido University","https://www.topuniversities.com/universities/hokkaido-university","Sapporo,  Japan","QS Stars","More Details","49.8","Shortlist"
"174","https://www.topuniversities.com/themes/custom/tu_d8/images/svg/dagger_symbol.svg","https://www.topuniversities.com/sites/default/files/curtin-university_150_small.jpg","Curtin University","https://www.topuniversities.com/universities/curtin-university","Perth,  Australia","QS Stars","More Details","49.3","Shortlist"
"175","https://www.topuniversities.com/themes/custom/tu_d8/images/svg/dagger_symbol.svg","https://www.topuniversities.com/sites/default/files/240404114804am190222logo-uab-qs-48x48.jpg","Universitat Autònoma de Barcelona","https://www.topuniversities.com/universities/universitat-autonoma-de-barcelona","Barcelona,  Spain","QS Stars","More Details","49.2","Shortlist"
"=176","https://www.topuniversities.com/themes/custom/tu_d8/images/svg/dagger_symbol.svg","https://www.topuniversities.com/sites/default/files/mcmaster-university_397_small.jpg","McMaster University","https://www.topuniversities.com/universities/mcmaster-university","Hamilton,  Canada","QS Stars","More Details","49","Shortlist"
"=176","https://www.topuniversities.com/themes/custom/tu_d8/images/svg/dagger_symbol.svg","https://www.topuniversities.com/sites/default/files/washington-university-in-st.-louis_668_small.jpg","Washington University in St. Louis","https://www.topuniversities.com/universities/washington-university-st-louis","St. Louis,  United States","QS Stars","More Details","49","Shortlist"
"178","https://www.topuniversities.com/themes/custom/tu_d8/images/svg/dagger_symbol.svg","https://www.topuniversities.com/sites/default/files/university-of-california-santa-barbara-ucsb_91_small.jpg","University of California, Santa Barbara (UCSB)","https://www.topuniversities.com/universities/university-california-santa-barbara-ucsb","Santa Barbara,  United States","QS Stars","More Details","48.9","Shortlist"
"=179","https://www.topuniversities.com/themes/custom/tu_d8/images/svg/dagger_symbol.svg","https://www.topuniversities.com/sites/default/files/the-university-of-newcastle-australia-uon_449_small.jpg","The University of Newcastle, Australia (UON)","https://www.topuniversities.com/universities/university-newcastle-australia-uon","Callaghan,  Australia","QS Stars","More Details","48.7","Shortlist"
"=179","https://www.topuniversities.com/themes/custom/tu_d8/images/svg/dagger_symbol.svg","https://www.topuniversities.com/sites/default/files/universidad-de-los-andes_592560cf2aeae70239af4bf6_small.jpg","Universidad de los Andes","https://www.topuniversities.com/universities/universidad-de-los-andes","Bogotá,  Colombia","QS Stars","More Details","48.7","Shortlist"
"=181","https://www.topuniversities.com/themes/custom/tu_d8/images/svg/dagger_symbol.svg","https://www.topuniversities.com/sites/default/files/universiti-teknologi-malaysia_387_small.jpg","Universiti Teknologi Malaysia","https://www.topuniversities.com/universities/universiti-teknologi-malaysia","Skudai,  Malaysia","QS Stars","More Details","48.5","Shortlist"
"=181","https://www.topuniversities.com/themes/custom/tu_d8/images/svg/dagger_symbol.svg","https://www.topuniversities.com/sites/default/files/waseda-university_592560cf2aeae70239af4d1c_small.jpg","Waseda University","https://www.topuniversities.com/universities/waseda-university","Tokyo,  Japan","QS Stars","More Details","48.5","Shortlist"
"183","https://www.topuniversities.com/themes/custom/tu_d8/images/svg/dagger_symbol.svg","https://www.topuniversities.com/sites/default/files/230216033433pm754356HBKU-Logo-48x48.jpg","Hamad bin Khalifa University","https://www.topuniversities.com/universities/hamad-bin-khalifa-university","Doha,  Qatar","QS Stars","More Details","48.3","Shortlist"
"184","https://www.topuniversities.com/themes/custom/tu_d8/images/svg/dagger_symbol.svg","https://www.topuniversities.com/sites/default/files/university-of-york_689_small.jpg","University of York","https://www.topuniversities.com/universities/university-york","York,  United Kingdom","QS Stars","More Details","48.2","Shortlist"
"185","https://www.topuniversities.com/themes/custom/tu_d8/images/svg/dagger_symbol.svg","https://www.topuniversities.com/sites/default/files/instituto-tecnolgico-y-de-estudios-superiores-de-monterrey_592560cf2aeae70239af4cd6_small.jpg","Tecnológico de Monterrey","https://www.topuniversities.com/universities/tecnologico-de-monterrey","Monterrey,  Mexico","QS Stars","More Details","48.1","Shortlist"
"186","https://www.topuniversities.com/themes/custom/tu_d8/images/svg/dagger_symbol.svg","https://www.topuniversities.com/sites/default/files/cardiff-university_592560cf2aeae70239af4ae6_small.jpg","Cardiff University","https://www.topuniversities.com/universities/cardiff-university","Cardiff,  United Kingdom","QS Stars","More Details","47.6","Shortlist"
"187","https://www.topuniversities.com/themes/custom/tu_d8/images/svg/dagger_symbol.svg","https://www.topuniversities.com/sites/default/files/cole-normale-suprieure-de-lyon_175_small.jpg","École Normale Supérieure de Lyon","https://www.topuniversities.com/universities/ecole-normale-superieure-de-lyon","Lyon,  France","QS Stars","More Details","47.5","Shortlist"
"188","https://www.topuniversities.com/themes/custom/tu_d8/images/svg/dagger_symbol.svg","https://www.topuniversities.com/sites/default/files/keio-university_592560cf2aeae70239af4bbe_small.jpg","Keio University","https://www.topuniversities.com/universities/keio-university","Tokyo,  Japan","QS Stars","More Details","47.4","Shortlist"
"189","https://www.topuniversities.com/themes/custom/tu_d8/images/svg/dagger_symbol.svg","https://www.topuniversities.com/sites/default/files/university-of-ottawa_475_small.jpg","University of Ottawa","https://www.topuniversities.com/universities/university-ottawa","Ottawa,  Canada","QS Stars","More Details","47.3","Shortlist"
"190","https://www.topuniversities.com/themes/custom/tu_d8/images/svg/dagger_symbol.svg","https://www.topuniversities.com/sites/default/files/vienna-university-of-technology_653_small.jpg","Technische Universität Wien","https://www.topuniversities.com/universities/vienna-university-technology","Vienna,  Austria","QS Stars","More Details","47.2","Shortlist"
"191","https://www.topuniversities.com/themes/custom/tu_d8/images/svg/dagger_symbol.svg","https://www.topuniversities.com/sites/default/files/universitt-hamburg_592560cf2aeae70239af4b79_small.jpg","Universität Hamburg","https://www.topuniversities.com/universities/universitat-hamburg","Hamburg,  Germany","QS Stars","More Details","47.1","Shortlist"
"192","https://www.topuniversities.com/themes/custom/tu_d8/images/svg/dagger_symbol.svg","https://www.topuniversities.com/sites/default/files/tongji-university_617_small.jpg","Tongji University","https://www.topuniversities.com/universities/tongji-university","Shanghai,  China (Mainland)","QS Stars","More Details","46.9","Shortlist"
"193","https://www.topuniversities.com/themes/custom/tu_d8/images/svg/dagger_symbol.svg","https://www.topuniversities.com/sites/default/files/queens-university-at-kingston_513_small.jpg","Queen's University at Kingston","https://www.topuniversities.com/universities/queens-university-kingston","Kingston,  Canada","QS Stars","More Details","46.8","Shortlist"
"=194","https://www.topuniversities.com/themes/custom/tu_d8/images/svg/dagger_symbol.svg","https://www.topuniversities.com/sites/default/files/university-of-gothenburg_233_small.jpg","University of Gothenburg","https://www.topuniversities.com/universities/university-gothenburg","Gothenburg,  Sweden","QS Stars","More Details","46.7","Shortlist"
"=194","https://www.topuniversities.com/themes/custom/tu_d8/images/svg/dagger_symbol.svg","https://www.topuniversities.com/sites/default/files/wuhan-university_889_small.jpg","Wuhan University","https://www.topuniversities.com/universities/wuhan-university","Wuhan,  China (Mainland)","QS Stars","More Details","46.7","Shortlist"
"196","https://www.topuniversities.com/themes/custom/tu_d8/images/svg/dagger_symbol.svg","https://www.topuniversities.com/sites/default/files/emory-university_185_small.jpg","Emory University","https://www.topuniversities.com/universities/emory-university","Atlanta,  United States","QS Stars","More Details","46.6","Shortlist"
"197","https://www.topuniversities.com/themes/custom/tu_d8/images/svg/dagger_symbol.svg","https://www.topuniversities.com/sites/default/files/download-48x48.png","Deakin University","https://www.topuniversities.com/universities/deakin-university","Burwood,  Australia","QS Stars","More Details","46.4","Shortlist"
"=198","https://www.topuniversities.com/themes/custom/tu_d8/images/svg/dagger_symbol.svg","https://www.topuniversities.com/sites/default/files/230914073612am166112marcaUAM-centroColor-expandHQg-48x48.jpg","Universidad Autónoma de Madrid","https://www.topuniversities.com/universities/universidad-autonoma-de-madrid","Madrid,  Spain","QS Stars","More Details","46.3","Shortlist"
"=198","https://www.topuniversities.com/themes/custom/tu_d8/images/svg/dagger_symbol.svg","https://www.topuniversities.com/sites/default/files/university-of-calgary_592560cf2aeae70239af4ad5_small.jpg","University of Calgary","https://www.topuniversities.com/universities/university-calgary","Calgary,  Canada","QS Stars","More Details","46.3","Shortlist"
"=200","https://www.topuniversities.com/themes/custom/tu_d8/images/svg/dagger_symbol.svg","https://www.topuniversities.com/sites/default/files/arizona-state-university_592560cf2aeae70239af4a9c_small.jpg","Arizona State University","https://www.topuniversities.com/universities/arizona-state-university","Tempe,  United States","QS Stars","More Details","46.2","Shortlist"
"=200","https://www.topuniversities.com/themes/custom/tu_d8/images/svg/dagger_symbol.svg","https://www.topuniversities.com/sites/default/files/king-saud-university_1175_small.jpg","King Saud University","https://www.topuniversities.com/universities/king-saud-university","Riyadh,  Saudi Arabia","QS Stars","More Details","46.2","Shortlist"
"202","https://www.topuniversities.com/themes/custom/tu_d8/images/svg/dagger_symbol.svg","https://www.topuniversities.com/sites/default/files/khalifa-university-of-science-and-technology_592560e19988f300e2320ee2_small.jpg","Khalifa University","https://www.topuniversities.com/universities/khalifa-university","Abu Dhabi,  United Arab Emirates","QS Stars","More Details","46.1","Shortlist"
"=203","https://www.topuniversities.com/themes/custom/tu_d8/images/svg/dagger_symbol.svg","https://www.topuniversities.com/sites/default/files/university-of-minnesota_408_small.jpg","University of Minnesota Twin Cities","https://www.topuniversities.com/universities/university-minnesota-twin-cities","Minneapolis,  United States","QS Stars","More Details","46","Shortlist"
"=203","https://www.topuniversities.com/themes/custom/tu_d8/images/svg/dagger_symbol.svg","https://www.topuniversities.com/sites/default/files/universit-catholique-de-louvain-uclouvain_592560cf2aeae70239af4aed_small.jpg","Université catholique de Louvain (UCLouvain)","https://www.topuniversities.com/universities/universite-catholique-de-louvain-uclouvain","Louvain-la-Neuve,  Belgium","QS Stars","More Details","46","Shortlist"
"205","https://www.topuniversities.com/themes/custom/tu_d8/images/svg/dagger_symbol.svg","https://www.topuniversities.com/sites/default/files/ecole-des-ponts-paristech_187_small.jpg","Ecole des Ponts ParisTech","https://www.topuniversities.com/universities/ecole-des-ponts-paristech","Paris,  France","QS Stars","More Details","45.8","Shortlist"
"=206","https://www.topuniversities.com/themes/custom/tu_d8/images/svg/dagger_symbol.svg","https://www.topuniversities.com/sites/default/files/queens-university-belfast_592560cf2aeae70239af4c86_small.jpg","Queen's University Belfast","https://www.topuniversities.com/universities/queens-university-belfast","Belfast,  United Kingdom","QS Stars","More Details","45.7","Shortlist"
"=206","https://www.topuniversities.com/themes/custom/tu_d8/images/svg/dagger_symbol.svg","https://www.topuniversities.com/sites/default/files/universitas-indonesia_290_small.jpg","Universitas Indonesia","https://www.topuniversities.com/universities/universitas-indonesia","Depok,  Indonesia","QS Stars","More Details","45.7","Shortlist"
"208","https://www.topuniversities.com/themes/custom/tu_d8/images/svg/dagger_symbol.svg","https://www.topuniversities.com/sites/default/files/the-ohio-state-university_465_small.jpg","The Ohio State University","https://www.topuniversities.com/universities/ohio-state-university","Columbus,  United States","QS Stars","More Details","45.6","Shortlist"
"209","https://www.topuniversities.com/themes/custom/tu_d8/images/svg/dagger_symbol.svg","https://www.topuniversities.com/sites/default/files/tel-aviv-university_592560cf2aeae70239af4cde_small.jpg","Tel Aviv University","https://www.topuniversities.com/universities/tel-aviv-university","Tel Aviv,  Israel","QS Stars","More Details","45.2","Shortlist"
"210","https://www.topuniversities.com/themes/custom/tu_d8/images/svg/dagger_symbol.svg","https://www.topuniversities.com/sites/default/files/national-tsing-hua-university_442_small.jpg","National Tsing Hua University","https://www.topuniversities.com/universities/national-tsing-hua-university","Hsinchu City,  Taiwan","QS Stars","More Details","45.1","Shortlist"
"211","https://www.topuniversities.com/themes/custom/tu_d8/images/svg/dagger_symbol.svg","https://www.topuniversities.com/sites/default/files/indian-institute-of-science-iisc-bangalore_22878_small.jpg","Indian Institute of Science","https://www.topuniversities.com/universities/indian-institute-science","Bangalore,  India","QS Stars","More Details","45","Shortlist"
"212","https://www.topuniversities.com/themes/custom/tu_d8/images/svg/dagger_symbol.svg","https://www.topuniversities.com/sites/default/files/240117022940pm384573UFR-Kurzform-200x200-Zeichenfl%C3%A4che-1-Zeichenfl%C3%A4che-1-48x48.jpg","Albert-Ludwigs-Universitaet Freiburg","https://www.topuniversities.com/universities/albert-ludwigs-universitaet-freiburg","Freiburg im Breisgau,  Germany","QS Stars","More Details","44.8","Shortlist"
"213","https://www.topuniversities.com/themes/custom/tu_d8/images/svg/dagger_symbol.svg","https://www.topuniversities.com/sites/default/files/queensland-university-of-technology-qut_592560cf2aeae70239af4c88_small.jpg","Queensland University of Technology (QUT)","https://www.topuniversities.com/universities/queensland-university-technology-qut","Brisbane,  Australia","QS Stars","More Details","44.7","Shortlist"
"214","https://www.topuniversities.com/themes/custom/tu_d8/images/svg/dagger_symbol.svg","https://www.topuniversities.com/sites/default/files/220609020250am605958OtagoLogoQS-48x48.jpg","University of Otago","https://www.topuniversities.com/universities/university-otago","Dunedin,  New Zealand","QS Stars","More Details","44.4","Shortlist"
"=215","https://www.topuniversities.com/themes/custom/tu_d8/images/svg/dagger_symbol.svg","https://www.topuniversities.com/sites/default/files/230407032250am673777NCKU-Alt-GraphicSignature-NL-RGB-AW-48x48.jpg","National Cheng Kung University (NCKU)","https://www.topuniversities.com/universities/national-cheng-kung-university-ncku","Tainan City,  Taiwan","QS Stars","More Details","44.2","Shortlist"
"=215","https://www.topuniversities.com/themes/custom/tu_d8/images/svg/dagger_symbol.svg","https://www.topuniversities.com/sites/default/files/university-of-florida_212_small.jpg","University of Florida","https://www.topuniversities.com/universities/university-florida","Gainesville,  United States","QS Stars","More Details","44.2","Shortlist"
"217","https://www.topuniversities.com/themes/custom/tu_d8/images/svg/dagger_symbol.svg","https://www.topuniversities.com/sites/default/files/220913045650am561995LTU-Int-V-RGB-JPG-48x48.jpg","La Trobe University","https://www.topuniversities.com/universities/la-trobe-university","Melbourne,  Australia","QS Stars","More Details","44.1","Shortlist"
"218","https://www.topuniversities.com/themes/custom/tu_d8/images/svg/dagger_symbol.svg","https://www.topuniversities.com/sites/default/files/university-of-maryland-college-park_393_small.jpg","University of Maryland, College Park","https://www.topuniversities.com/universities/university-maryland-college-park","College Park,  United States","QS Stars","More Details","44","Shortlist"
"=219","https://www.topuniversities.com/themes/custom/tu_d8/images/svg/dagger_symbol.svg","https://www.topuniversities.com/sites/default/files/230525091126am408938230525%40400x-100-48x48.jpg","National Yang Ming Chiao Tung University","https://www.topuniversities.com/universities/national-yang-ming-chiao-tung-university","Hsinchu City,  Taiwan","QS Stars","More Details","43.9","Shortlist"
"=219","https://www.topuniversities.com/themes/custom/tu_d8/images/svg/dagger_symbol.svg","https://www.topuniversities.com/sites/default/files/universidad-nacional-de-colombia_592560cf2aeae70239af4b0b_small.jpg","Universidad Nacional de Colombia","https://www.topuniversities.com/universities/universidad-nacional-de-colombia","Bogotá,  Colombia","QS Stars","More Details","43.9","Shortlist"
"221","https://www.topuniversities.com/themes/custom/tu_d8/images/svg/dagger_symbol.svg","https://www.topuniversities.com/sites/default/files/vrije-universiteit-amsterdam_658_small.jpg","Vrije Universiteit Amsterdam","https://www.topuniversities.com/universities/vrije-universiteit-amsterdam","Amsterdam,  Netherlands","QS Stars","More Details","43.8","Shortlist"
"=222","https://www.topuniversities.com/themes/custom/tu_d8/images/svg/dagger_symbol.svg","https://www.topuniversities.com/sites/default/files/eberhard-karls-universitt-tbingen_629_small.jpg","Eberhard Karls Universität Tübingen","https://www.topuniversities.com/universities/eberhard-karls-universitat-tubingen","Tübingen,  Germany","QS Stars","More Details","43.7","Shortlist"
"=222","https://www.topuniversities.com/themes/custom/tu_d8/images/svg/dagger_symbol.svg","https://www.topuniversities.com/sites/default/files/indian-institute-of-technology-kharagpur-iit-kgp_285_small.jpg","Indian Institute of Technology Kharagpur (IIT-KGP)","https://www.topuniversities.com/universities/indian-institute-technology-kharagpur-iit-kgp","Kharagpur,  India","QS Stars","More Details","43.7","Shortlist"
"=224","https://www.topuniversities.com/themes/custom/tu_d8/images/svg/dagger_symbol.svg","https://www.topuniversities.com/sites/default/files/220609081209am601836FAU-Logo-quadratisch-48x48.jpg","Friedrich-Alexander-Universität Erlangen-Nürnberg","https://www.topuniversities.com/universities/friedrich-alexander-universitat-erlangen-nurnberg","Erlangen,  Germany","QS Stars","More Details","43.6","Shortlist"
"=224","https://www.topuniversities.com/themes/custom/tu_d8/images/svg/dagger_symbol.svg","https://www.topuniversities.com/sites/default/files/loughborough-university_592560cf2aeae70239af4bf3_small.jpg","Loughborough University","https://www.topuniversities.com/universities/loughborough-university","Loughborough,  United Kingdom","QS Stars","More Details","43.6","Shortlist"
"=224","https://www.topuniversities.com/themes/custom/tu_d8/images/svg/dagger_symbol.svg","https://www.topuniversities.com/sites/default/files/university-of-lausanne_592560cf2aeae70239af4bd3_small.jpg","University of Lausanne","https://www.topuniversities.com/universities/university-lausanne","Lausanne,  Switzerland","QS Stars","More Details","43.6","Shortlist"
"=227","https://www.topuniversities.com/themes/custom/tu_d8/images/svg/dagger_symbol.svg","https://www.topuniversities.com/sites/default/files/indian-institute-of-technology-madras-iitm_286_small.jpg","Indian Institute of Technology Madras (IITM)","https://www.topuniversities.com/universities/indian-institute-technology-madras-iitm","Chennai,  India","QS Stars","More Details","43.5","Shortlist"
"=227","https://www.topuniversities.com/themes/custom/tu_d8/images/svg/dagger_symbol.svg","https://www.topuniversities.com/sites/default/files/rheinische-friedrich-wilhelms-universitt-bonn_592560cf2aeae70239af4ac1_small.jpg","Rheinische Friedrich-Wilhelms-Universität Bonn","https://www.topuniversities.com/universities/rheinische-friedrich-wilhelms-universitat-bonn","Bonn,  Germany","QS Stars","More Details","43.5","Shortlist"
"229","https://www.topuniversities.com/themes/custom/tu_d8/images/svg/dagger_symbol.svg","https://www.topuniversities.com/sites/default/files/chulalongkorn-university_592560cf2aeae70239af4b01_small.jpg","Chulalongkorn University","https://www.topuniversities.com/universities/chulalongkorn-university","Bangkok,  Thailand","QS Stars","More Details","43.4","Shortlist"
"=230","https://www.topuniversities.com/themes/custom/tu_d8/images/svg/dagger_symbol.svg","https://www.topuniversities.com/sites/default/files/231218042543pm676051UM-triangles-200-x-200-pixels-48x48.jpg","Maastricht University","https://www.topuniversities.com/universities/maastricht-university","Maastricht,  Netherlands","QS Stars","More Details","43","Shortlist"
"=230","https://www.topuniversities.com/themes/custom/tu_d8/images/svg/dagger_symbol.svg","https://www.topuniversities.com/sites/default/files/universite-libre-de-bruxelles_75_small.jpg","Universite libre de Bruxelles","https://www.topuniversities.com/universities/universite-libre-de-bruxelles","Brussels,  Belgium","QS Stars","More Details","43","Shortlist"
"232","https://www.topuniversities.com/themes/custom/tu_d8/images/svg/dagger_symbol.svg","https://www.topuniversities.com/sites/default/files/universidade-estadual-de-campinas-unicamp_96_small.jpg","Universidade Estadual de Campinas (Unicamp)","https://www.topuniversities.com/universities/universidade-estadual-de-campinas-unicamp","Campinas,  Brazil","QS Stars","More Details","42.9","Shortlist"
"233","https://www.topuniversities.com/themes/custom/tu_d8/images/svg/dagger_symbol.svg","https://www.topuniversities.com/sites/default/files/university-of-twente_635_small.jpg","University of Twente","https://www.topuniversities.com/universities/university-twente","Enschede,  Netherlands","QS Stars","More Details","42.7","Shortlist"
"234","https://www.topuniversities.com/themes/custom/tu_d8/images/svg/dagger_symbol.svg","https://www.topuniversities.com/sites/default/files/technische-universitt-dresden_598_small.jpg","Technische Universität Dresden","https://www.topuniversities.com/universities/technische-universitat-dresden","Dresden,  Germany","QS Stars","More Details","42.6","Shortlist"
"235","https://www.topuniversities.com/themes/custom/tu_d8/images/svg/dagger_symbol.svg","https://www.topuniversities.com/sites/default/files/230815114906pm995093UoW-NZ-logo-CMYK-vert-1061x1693-27c69c2-48x48.jpg","University of Waikato","https://www.topuniversities.com/universities/university-waikato","Hamilton ,  New Zealand","QS Stars","More Details","42.5","Shortlist"
"=236","https://www.topuniversities.com/themes/custom/tu_d8/images/svg/dagger_symbol.svg","https://www.topuniversities.com/sites/default/files/university-of-aberdeen_592560cf2aeae70239af4a8b_small.jpg","University of Aberdeen","https://www.topuniversities.com/universities/university-aberdeen","Aberdeen,  United Kingdom","QS Stars","More Details","42.3","Shortlist"
"=236","https://www.topuniversities.com/themes/custom/tu_d8/images/svg/dagger_symbol.svg","https://www.topuniversities.com/sites/default/files/university-of-rochester_592560cf2aeae70239af4c96_small.jpg","University of Rochester","https://www.topuniversities.com/universities/university-rochester","Rochester,  United States","QS Stars","More Details","42.3","Shortlist"
"=236","https://www.topuniversities.com/themes/custom/tu_d8/images/svg/dagger_symbol.svg","https://www.topuniversities.com/sites/default/files/universitdi-padova_480_small.jpg","Università di Padova","https://www.topuniversities.com/universities/universita-di-padova","Padova,  Italy","QS Stars","More Details","42.3","Shortlist"
"=239","https://www.topuniversities.com/themes/custom/tu_d8/images/svg/dagger_symbol.svg","https://www.topuniversities.com/sites/default/files/gadjah-mada-university_219_small.jpg","Gadjah Mada University","https://www.topuniversities.com/universities/gadjah-mada-university","Yogyakarta,  Indonesia","QS Stars","More Details","41.8","Shortlist"
"=239","https://www.topuniversities.com/themes/custom/tu_d8/images/svg/dagger_symbol.svg","https://www.topuniversities.com/sites/default/files/massey-university_395_small.jpg","Massey University","https://www.topuniversities.com/universities/massey-university","Palmerston North,  New Zealand","QS Stars","More Details","41.8","Shortlist"
"","","","","","","","Load More","",""